{"initial_reset_timestamp": 1589887734.1707323, "timestamps": [1589887741.8162725, 1589887747.516475, 1589887753.1681697, 1589887757.550057], "episode_lengths": [113, 111, 110, 85], "episode_rewards": [-113.0, -111.0, -110.0, -85.0], "episode_types": ["t", "t", "t", "t"]}