{"initial_reset_timestamp": 1589903363.9202785, "timestamps": [1589903370.249115, 1589903376.049665, 1589903381.799791, 1589903387.7000449], "episode_lengths": [113, 113, 112, 115], "episode_rewards": [-113.0, -113.0, -112.0, -115.0], "episode_types": ["t", "t", "t", "t"]}